Ticker,,Tax Effect Of Unusual Items,Tax Rate For Calcs,Normalized EBITDA,Total Unusual Items,Total Unusual Items Excluding Goodwill,Net Income From Continuing Operation Net Minority Interest,Reconciled Depreciation,Reconciled Cost Of Revenue,EBITDA,EBIT,Net Interest Income,Interest Expense,Interest Income,Normalized Income,Net Income From Continuing And Discontinued Operation,Total Expenses,Rent Expense Supplemental,Total Operating Income As Reported,Diluted Average Shares,Basic Average Shares,Diluted EPS,Basic EPS,Diluted NI Availto Com Stockholders,Average Dilution Earnings,Net Income Common Stockholders,Otherunder Preferred Stock Dividend,Net Income,Minority Interests,Net Income Including Noncontrolling Interests,Net Income Continuous Operations,Tax Provision,Pretax Income,Other Income Expense,Other Non Operating Income Expenses,Special Income Charges,Restructuring And Mergern Acquisition,Net Non Operating Interest Income Expense,Interest Expense Non Operating,Interest Income Non Operating,Operating Income,Operating Expense,Research And Development,Selling General And Administration,Gross Profit,Cost Of Revenue,Total Revenue,Operating Revenue,Gain On Sale Of Ppe,Gain On Sale Of Business,Impairment Of Capital Assets,Earnings From Equity Interest,Gain On Sale Of Security,Other Operating Expenses,Depreciation Amortization Depletion Income Statement,Depreciation And Amortization In Income Statement,Amortization,Amortization Of Intangibles Income Statement,General And Administrative Expense,Other Gand A,Salaries And Wages,Other Special Charges,Write Off,Selling And Marketing Expense,Earnings From Equity Interest Net Of Tax,Preferred Stock Dividends,Net Income Discontinuous Operations,Total Other Finance Cost,Occupancy And Equipment,Professional Expense And Contract Services Expense,Other Non Interest Expense,Other Taxes
TSLA,2025-12-31,-133380000.0,0.27,12258000000.0,-494000000.0,-494000000.0,3794000000.0,6148000000.0,77733000000.0,11764000000.0,5616000000.0,1342000000.0,338000000.0,1680000000.0,4154620000.0,3794000000.0,89978000000.0,,4355000000.0,3526250000.0,3224750000.0,1.08,1.176525,3794000000.0,,3794000000.0,,3794000000.0,-61000000.0,3855000000.0,3855000000.0,1423000000.0,5278000000.0,-913000000.0,-419000000.0,-494000000.0,494000000.0,1342000000.0,338000000.0,1680000000.0,4849000000.0,12245000000.0,6411000000.0,5834000000.0,17094000000.0,77733000000.0,94827000000.0,94827000000.0,,,,,,,,,,,,,,,,,,,,,,,,
TSLA,2024-12-31,-136800000.0,0.2,15392000000.0,-684000000.0,-684000000.0,7130000000.0,5368000000.0,80240000000.0,14708000000.0,9340000000.0,1219000000.0,350000000.0,1569000000.0,7677200000.0,7130000000.0,89930000000.0,1003000000.0,7076000000.0,3216000000.0,3216000000.0,2.04,2.23,7130000000.0,0.0,7130000000.0,,7130000000.0,-23000000.0,7153000000.0,7153000000.0,1837000000.0,8990000000.0,11000000.0,695000000.0,-684000000.0,684000000.0,1219000000.0,350000000.0,1569000000.0,7760000000.0,9690000000.0,4540000000.0,5150000000.0,17450000000.0,80240000000.0,97690000000.0,97690000000.0,,,,,,,,,,,,,,,,,,,,,,,,
TSLA,2023-12-31,0.0,0.21,14796000000.0,0.0,0.0,14999000000.0,4667000000.0,79113000000.0,14796000000.0,10129000000.0,910000000.0,156000000.0,1066000000.0,14999000000.0,14999000000.0,87882000000.0,1268000000.0,8891000000.0,3482750000.0,3173500000.0,4.31,4.725697,14999000000.0,0.0,14999000000.0,,14999000000.0,25000000.0,14974000000.0,14974000000.0,-5001000000.0,9973000000.0,172000000.0,172000000.0,0.0,0.0,910000000.0,156000000.0,1066000000.0,8891000000.0,8769000000.0,3969000000.0,4800000000.0,17660000000.0,79113000000.0,96773000000.0,96773000000.0,,,,,,,,,,,,,,,,,,,,,,,,
TSLA,2022-12-31,-14080000.0,0.08,17833000000.0,-176000000.0,-176000000.0,12583000000.0,3747000000.0,60609000000.0,17657000000.0,13910000000.0,106000000.0,191000000.0,297000000.0,12744920000.0,12583000000.0,67630000000.0,1509000000.0,13656000000.0,3475000000.0,3130000000.0,3.62,4.02,12584000000.0,1000000.0,12583000000.0,,12583000000.0,-4000000.0,12587000000.0,12587000000.0,1132000000.0,13719000000.0,-219000000.0,-43000000.0,-176000000.0,176000000.0,106000000.0,191000000.0,297000000.0,13832000000.0,7021000000.0,3075000000.0,3946000000.0,20853000000.0,60609000000.0,81462000000.0,81462000000.0,,,,,,,,,,,,,,,,,,,,,,,,
TSLA,2021-12-31,,,,,,,,,,,,,,,,,978000000.0,,,,,,,9000000.0,,-5000000.0,,,,,,,,,,,,,,,,,,,,,,,,,,,,,,,,,,,,,,,,,,,,,
TMQ,2024-11-30,0.0,0.0,-6697000.0,1000.0,1000.0,-8587000.0,4000.0,4000.0,-6696000.0,-6700000.0,685000.0,,685000.0,-8588000.0,-8587000.0,6700000.0,,,159829344.0,159829344.0,-0.05,-0.05,-8587000.0,,-8587000.0,,-8587000.0,,-8587000.0,-8587000.0,,-8587000.0,-2572000.0,63000.0,0.0,,685000.0,,685000.0,-6700000.0,6696000.0,,6588000.0,-4000.0,4000.0,0.0,0.0,0.0,,0.0,-2636000.0,1000.0,108000.0,,,,,6588000.0,2141000.0,4447000.0,,,,,,,,,,,
TMQ,2023-11-30,0.0,0.0,-7209000.0,-5000.0,-5000.0,-14951000.0,8000.0,8000.0,-7214000.0,-7222000.0,120000.0,,120000.0,-14946000.0,-14951000.0,7222000.0,,,152647254.0,152647254.0,-0.1,-0.1,-14951000.0,,-14951000.0,,-14951000.0,,-14951000.0,-14951000.0,,-14951000.0,-7849000.0,,0.0,,120000.0,,120000.0,-7222000.0,7214000.0,,7041000.0,-8000.0,8000.0,0.0,0.0,0.0,0.0,0.0,-7844000.0,-5000.0,173000.0,8000.0,8000.0,8000.0,8000.0,7041000.0,2401000.0,4640000.0,,,,,,,,,,,
TMQ,2022-11-30,0.0,0.0,-6938000.0,12000.0,12000.0,-24257000.0,17000.0,17000.0,-6926000.0,-6943000.0,34000.0,,34000.0,-24269000.0,-24257000.0,6943000.0,,,145721736.0,145721736.0,-0.17,-0.17,-24257000.0,,-24257000.0,,-24257000.0,,-24257000.0,-24257000.0,,-24257000.0,-17348000.0,,-6000.0,,34000.0,,34000.0,-6943000.0,6926000.0,,6696000.0,-17000.0,17000.0,0.0,0.0,84000.0,84000.0,90000.0,-17360000.0,18000.0,230000.0,17000.0,17000.0,17000.0,17000.0,6696000.0,2285000.0,4411000.0,,,,,,,,,,,
TMQ,2021-11-30,0.0,0.0,-8523000.0,-36000.0,-36000.0,-21660000.0,21000.0,21000.0,-8559000.0,-8580000.0,16000.0,,16000.0,-21624000.0,-21660000.0,8580000.0,,,144428926.0,144428926.0,-0.15,-0.15,-21660000.0,,-21660000.0,,-21660000.0,,-21660000.0,-21660000.0,,-21660000.0,-13096000.0,22000.0,0.0,,16000.0,,16000.0,-8580000.0,8559000.0,,7814000.0,-21000.0,21000.0,0.0,0.0,0.0,0.0,0.0,-13082000.0,-36000.0,745000.0,21000.0,21000.0,21000.0,21000.0,7814000.0,2335000.0,5479000.0,,,,,,,,,,,
KO,2024-12-31,-369396000.0,0.186,17803000000.0,-1986000000.0,-1986000000.0,10631000000.0,1075000000.0,18324000000.0,15817000000.0,14742000000.0,-668000000.0,1656000000.0,988000000.0,12247604000.0,10631000000.0,33039000000.0,,9992000000.0,4320000000.0,4309000000.0,2.46,2.47,10631000000.0,,10631000000.0,,10631000000.0,-18000000.0,10649000000.0,10649000000.0,2437000000.0,13086000000.0,-268000000.0,-52000000.0,-2301000000.0,2246000000.0,-668000000.0,1656000000.0,988000000.0,14022000000.0,14715000000.0,,7957000000.0,28737000000.0,18324000000.0,47061000000.0,47061000000.0,,842000000.0,886000000.0,1770000000.0,315000000.0,6758000000.0,,,,,286000000.0,,286000000.0,-23000000.0,34000000.0,7671000000.0,,,,,,,,
KO,2023-12-31,-198360000.0,0.174,16747000000.0,-1140000000.0,-1140000000.0,10714000000.0,1128000000.0,18520000000.0,15607000000.0,14479000000.0,-620000000.0,1527000000.0,907000000.0,11655640000.0,10714000000.0,32656000000.0,,11311000000.0,4339000000.0,4323000000.0,2.47,2.48,10714000000.0,,10714000000.0,,10714000000.0,11000000.0,10703000000.0,10703000000.0,2249000000.0,12952000000.0,473000000.0,-78000000.0,-1325000000.0,1337000000.0,-620000000.0,1527000000.0,907000000.0,13098000000.0,14136000000.0,,7863000000.0,27234000000.0,18520000000.0,45754000000.0,45754000000.0,-35000000.0,59000000.0,,1691000000.0,185000000.0,6273000000.0,15000000.0,15000000.0,15000000.0,15000000.0,254000000.0,,254000000.0,-42000000.0,39000000.0,7609000000.0,,,,,,,,
KO,2022-12-31,-205073000.0,0.181,14961000000.0,-1133000000.0,-1133000000.0,9542000000.0,1260000000.0,18000000000.0,13828000000.0,12568000000.0,-433000000.0,882000000.0,449000000.0,10469927000.0,9542000000.0,30962000000.0,,10909000000.0,4350000000.0,4328000000.0,2.19,2.2,9542000000.0,,9542000000.0,,9542000000.0,-29000000.0,9571000000.0,9571000000.0,2115000000.0,11686000000.0,77000000.0,-262000000.0,-1133000000.0,1076000000.0,-433000000.0,882000000.0,449000000.0,12042000000.0,12962000000.0,,12880000000.0,25004000000.0,18000000000.0,43004000000.0,43004000000.0,,,57000000.0,1472000000.0,-496000000.0,82000000.0,,,,,356000000.0,,356000000.0,-219000000.0,96000000.0,7086000000.0,,,,,,,,
KO,2021-12-31,234843000.0,0.211,14361000000.0,1113000000.0,1113000000.0,9771000000.0,1452000000.0,15357000000.0,15474000000.0,14022000000.0,-1321000000.0,1597000000.0,276000000.0,8892843000.0,9771000000.0,27616000000.0,,10308000000.0,4340000000.0,4315000000.0,2.25,2.26,9771000000.0,,9771000000.0,,9771000000.0,-33000000.0,9804000000.0,9804000000.0,2621000000.0,12425000000.0,2707000000.0,156000000.0,646000000.0,70000000.0,-1321000000.0,1597000000.0,276000000.0,11039000000.0,12259000000.0,,12144000000.0,23298000000.0,15357000000.0,38655000000.0,38655000000.0,,809000000.0,78000000.0,1438000000.0,467000000.0,115000000.0,,,,,337000000.0,5135000000.0,337000000.0,15000000.0,,6672000000.0,,,,,,,,
PLTR,2024-12-31,0.0,0.043451,341990000.0,,,462190000.0,31587000.0,565990000.0,341990000.0,310403000.0,196792000.0,,196792000.0,462190000.0,462190000.0,2555104000.0,,310403000.0,2447246030.0,2246883476.0,0.190277,0.210307,462190000.0,,462190000.0,,462190000.0,-5728000.0,467918000.0,467918000.0,21255000.0,489173000.0,-18022000.0,-18022000.0,,,196792000.0,,196792000.0,310403000.0,1989114000.0,507878000.0,1481236000.0,2299517000.0,565990000.0,2865507000.0,2865507000.0,,,,,,,,,,,593481000.0,593481000.0,,,,887755000.0,,,,,,,,
PLTR,2023-12-31,0.0,0.083158,153320000.0,,,209825000.0,33354000.0,431105000.0,153320000.0,119966000.0,132572000.0,3470000.0,132572000.0,209825000.0,209825000.0,2105046000.0,,119966000.0,2294577862.0,2144316182.0,0.090131,0.100146,209825000.0,,209825000.0,,209825000.0,-7550000.0,217375000.0,217375000.0,19716000.0,237091000.0,-15447000.0,-15447000.0,,,132572000.0,3470000.0,132572000.0,119966000.0,1673941000.0,404624000.0,1269317000.0,1793907000.0,431105000.0,2225012000.0,2225012000.0,,,,,,,,,,,524325000.0,524325000.0,,,,744992000.0,,,,,,,,
PLTR,2022-12-31,0.0,0.21,-138679000.0,,,-373705000.0,22522000.0,408549000.0,-138679000.0,-161201000.0,20309000.0,4058000.0,20309000.0,-373705000.0,-373705000.0,2067072000.0,,-161201000.0,2060785103.0,2060785103.0,-0.180263,-0.180263,-373705000.0,0.0,-373705000.0,,-373705000.0,-2611000.0,-371094000.0,-371094000.0,10067000.0,-361027000.0,-220135000.0,-220135000.0,,,20309000.0,4058000.0,20309000.0,-161201000.0,1658523000.0,359679000.0,1298844000.0,1497322000.0,408549000.0,1905871000.0,1905871000.0,,,,,,,,,,,596333000.0,596333000.0,,,,702511000.0,,,,,,,,
PLTR,2021-12-31,0.0,0.27,-469957000.0,,,-520379000.0,14897000.0,339404000.0,-469957000.0,-484854000.0,-2033000.0,3640000.0,1607000.0,-520379000.0,-520379000.0,1952935000.0,,-411046000.0,1920813404.0,1920813404.0,-0.270394,-0.270394,-520379000.0,0.0,-520379000.0,0.0,-520379000.0,0.0,-520379000.0,-520379000.0,31885000.0,-488494000.0,-75415000.0,-75415000.0,,,-2033000.0,3640000.0,1607000.0,-411046000.0,1613531000.0,387487000.0,1226044000.0,1202485000.0,339404000.0,1541889000.0,1541889000.0,,,,,,,,,,,611532000.0,611532000.0,,,,614512000.0,,,,,,,,
AMZN,2024-12-31,-246971244.935436,0.135031,125644000000.0,-1829000000.0,-1829000000.0,59248000000.0,52795000000.0,326288000000.0,123815000000.0,71020000000.0,2271000000.0,2406000000.0,4677000000.0,60830028755.06457,59248000000.0,569366000000.0,,68593000000.0,10721000000.0,10473000000.0,5.53,5.66,59248000000.0,,59248000000.0,,59248000000.0,,59248000000.0,59248000000.0,9265000000.0,68614000000.0,-2250000000.0,-421000000.0,,,2271000000.0,2406000000.0,4677000000.0,68593000000.0,243078000000.0,,55266000000.0,311671000000.0,326288000000.0,637959000000.0,637959000000.0,,,,,-1829000000.0,187812000000.0,,,,,11359000000.0,11359000000.0,,,,43907000000.0,-101000000.0,,,,,,,
AMZN,2023-12-31,211380035.679101,0.189579,88287000000.0,1115000000.0,1115000000.0,30425000000.0,48663000000.0,304739000000.0,89402000000.0,40739000000.0,-233000000.0,3182000000.0,2949000000.0,29521380035.6791,30425000000.0,537933000000.0,,36852000000.0,10492000000.0,10304000000.0,2.9,2.95,30425000000.0,,30425000000.0,,30425000000.0,,30425000000.0,30425000000.0,7120000000.0,37557000000.0,938000000.0,-177000000.0,,,-233000000.0,3182000000.0,2949000000.0,36852000000.0,233194000000.0,,56186000000.0,270046000000.0,304739000000.0,574785000000.0,574785000000.0,,,,,1115000000.0,177008000000.0,,,,,11816000000.0,11816000000.0,,,,44370000000.0,-12000000.0,,,,,,,
AMZN,2022-12-31,-3415860000.0,0.21,54618000000.0,-16266000000.0,-16266000000.0,-2722000000.0,41921000000.0,288831000000.0,38352000000.0,-3569000000.0,-1378000000.0,2367000000.0,989000000.0,10128140000.0,-2722000000.0,501735000000.0,,12248000000.0,10189000000.0,10189000000.0,-0.27,-0.27,-2722000000.0,,-2722000000.0,,-2722000000.0,,-2722000000.0,-2722000000.0,-3217000000.0,-5936000000.0,-16806000000.0,-540000000.0,,,-1378000000.0,2367000000.0,989000000.0,12248000000.0,212904000000.0,,54129000000.0,225152000000.0,288831000000.0,513983000000.0,513983000000.0,,,,,-16266000000.0,158775000000.0,,,,,11891000000.0,11891000000.0,,,,42238000000.0,-3000000.0,,,,,,,
AMZN,2021-12-31,1839997169.143666,0.12558,59741000000.0,14652000000.0,14652000000.0,33364000000.0,34433000000.0,272344000000.0,74393000000.0,39960000000.0,-1361000000.0,1809000000.0,448000000.0,20551997169.143665,33364000000.0,444943000000.0,,24879000000.0,10300000000.0,10120000000.0,3.2405,3.298,33364000000.0,,33364000000.0,,33364000000.0,,33364000000.0,33364000000.0,4791000000.0,38151000000.0,14633000000.0,-19000000.0,,,-1361000000.0,1809000000.0,448000000.0,24879000000.0,172599000000.0,,41374000000.0,197478000000.0,272344000000.0,469822000000.0,469822000000.0,,,,,14652000000.0,131225000000.0,,,,,8823000000.0,8823000000.0,,,,32551000000.0,4000000.0,,,,,,,
F,2024-12-31,-7770000.0,0.185,14278000000.0,-42000000.0,-42000000.0,5879000000.0,5867000000.0,169486000000.0,14236000000.0,8369000000.0,404000000.0,1136000000.0,1540000000.0,5913230000.0,5879000000.0,179773000000.0,,5219000000.0,4021000000.0,3978000000.0,1.46,1.48,5879000000.0,,5879000000.0,,5879000000.0,-15000000.0,5894000000.0,5894000000.0,1339000000.0,7233000000.0,1610000000.0,896000000.0,,,404000000.0,1136000000.0,1540000000.0,5219000000.0,10287000000.0,,10287000000.0,15506000000.0,169486000000.0,184992000000.0,184992000000.0,,,,756000000.0,-42000000.0,,,,,,,,,,,,,,,,,,,
F,2023-12-31,-43050000.0,0.21,12013000000.0,-205000000.0,-205000000.0,4347000000.0,6523000000.0,160031000000.0,11808000000.0,5285000000.0,249000000.0,1318000000.0,1567000000.0,4508950000.0,4347000000.0,170733000000.0,,5458000000.0,4041000000.0,3998000000.0,1.08,1.09,4347000000.0,,4347000000.0,,4347000000.0,18000000.0,4329000000.0,4329000000.0,-362000000.0,3967000000.0,-1740000000.0,-1958000000.0,0.0,,249000000.0,1318000000.0,1567000000.0,5458000000.0,10702000000.0,,10702000000.0,16160000000.0,160031000000.0,176191000000.0,176191000000.0,,,,423000000.0,-205000000.0,,,,,,,,,,,,,,,,,,,
F,2022-12-31,-2150148000.0,0.286,12277000000.0,-7518000000.0,-7518000000.0,-1981000000.0,6493000000.0,140893000000.0,4759000000.0,-1734000000.0,-643000000.0,1282000000.0,639000000.0,3386852000.0,-1981000000.0,151781000000.0,,6276000000.0,4014000000.0,4014000000.0,-0.49,-0.49,-1981000000.0,,-1981000000.0,,-1981000000.0,171000000.0,-2152000000.0,-2152000000.0,-864000000.0,-3016000000.0,-8649000000.0,1899000000.0,-121000000.0,,-643000000.0,1282000000.0,639000000.0,6276000000.0,10888000000.0,,10888000000.0,17164000000.0,140893000000.0,158057000000.0,158057000000.0,,,,-3030000000.0,-7518000000.0,,,,,,,,,121000000.0,,,,,,,,,,
F,2021-12-31,2013390000.0,0.27,18086000000.0,7457000000.0,7457000000.0,17937000000.0,5960000000.0,119903000000.0,25543000000.0,19583000000.0,-1542000000.0,1803000000.0,261000000.0,12493390000.0,17937000000.0,131818000000.0,,4523000000.0,4034000000.0,3991000000.0,4.45,4.49,17937000000.0,,17937000000.0,,17937000000.0,27000000.0,17910000000.0,17910000000.0,-130000000.0,17780000000.0,14799000000.0,6647000000.0,-1702000000.0,,-1542000000.0,1803000000.0,261000000.0,4523000000.0,11915000000.0,,11915000000.0,16438000000.0,119903000000.0,136341000000.0,136341000000.0,,,,695000000.0,9159000000.0,,,,,,,,,1702000000.0,,,,,,,,,,
T,2025-12-31,,,,,,,,,,,,,,,,,,,7179000000.0,7169000000.0,3.04,3.04,,,,,,,,,,,,,,,,,,,,,,,,,,,,,,,,,,,,,,,,,,,,,,,,,
T,2024-12-31,-1349950000.0,0.266,49112000000.0,-5075000000.0,-5075000000.0,10948000000.0,20580000000.0,49221000000.0,44037000000.0,23457000000.0,-6759000000.0,6759000000.0,,14673050000.0,10948000000.0,98212000000.0,,19049000000.0,7204000000.0,7199000000.0,1.49,1.49,10746000000.0,0.0,10746000000.0,0.0,10948000000.0,-1305000000.0,12253000000.0,12253000000.0,4445000000.0,16698000000.0,-667000000.0,2419000000.0,-5075000000.0,,-6759000000.0,6759000000.0,,24124000000.0,48991000000.0,,28411000000.0,73115000000.0,49221000000.0,122336000000.0,122336000000.0,,,,1989000000.0,,,20580000000.0,20580000000.0,,,,,,,5075000000.0,,,202000000.0,0.0,,,,,
T,2023-12-31,-254109000.0,0.213,46522000000.0,-1193000000.0,-1193000000.0,14400000000.0,18777000000.0,50123000000.0,45329000000.0,26552000000.0,-6704000000.0,6704000000.0,,15338891000.0,14400000000.0,97774000000.0,,23461000000.0,7258000000.0,7181000000.0,1.97,1.97,14277000000.0,85000000.0,14192000000.0,0.0,14400000000.0,-1223000000.0,15623000000.0,15623000000.0,4225000000.0,19848000000.0,1898000000.0,1416000000.0,-1193000000.0,,-6704000000.0,6704000000.0,,24654000000.0,47651000000.0,,28874000000.0,72305000000.0,50123000000.0,122428000000.0,122428000000.0,,,,1675000000.0,,,18777000000.0,18777000000.0,,,,,,,1193000000.0,,,208000000.0,0.0,,,,,
T,2022-12-31,-5774580000.0,0.21,48533000000.0,-27498000000.0,-27498000000.0,-8343000000.0,18021000000.0,50848000000.0,21035000000.0,3014000000.0,-6108000000.0,6108000000.0,,13380420000.0,-8524000000.0,97830000000.0,,-4587000000.0,7587000000.0,7166000000.0,-1.13,-1.13,-7521000000.0,543000000.0,-8064000000.0,-663000000.0,-8524000000.0,-1469000000.0,-7055000000.0,-6874000000.0,3780000000.0,-3094000000.0,-19897000000.0,5810000000.0,-27498000000.0,1273000000.0,-6108000000.0,6108000000.0,,22911000000.0,46982000000.0,,28961000000.0,69893000000.0,50848000000.0,120741000000.0,120741000000.0,-1413000000.0,,24812000000.0,1791000000.0,,,18021000000.0,18021000000.0,,,,,,,27498000000.0,,,203000000.0,-181000000.0,,,,,
T,2021-12-31,-39405000.0,0.185,53952000000.0,-213000000.0,-213000000.0,22378000000.0,17852000000.0,60407000000.0,53739000000.0,35887000000.0,-6716000000.0,6716000000.0,,22551595000.0,20081000000.0,107928000000.0,,25897000000.0,,,,,20456000000.0,582000000.0,19874000000.0,0.0,20081000000.0,-1398000000.0,21479000000.0,23776000000.0,5395000000.0,29171000000.0,9777000000.0,9387000000.0,-213000000.0,,-6716000000.0,6716000000.0,,26110000000.0,47521000000.0,,29669000000.0,73631000000.0,60407000000.0,134038000000.0,134038000000.0,,,213000000.0,603000000.0,,,17852000000.0,17852000000.0,,,,,,,213000000.0,,,207000000.0,-2297000000.0,,,,,
NVDA,2025-01-31,0.0,0.133,86137000000.0,0.0,0.0,72880000000.0,1864000000.0,32639000000.0,86137000000.0,84273000000.0,1539000000.0,247000000.0,1786000000.0,72880000000.0,72880000000.0,49044000000.0,,81453000000.0,24804000000.0,24555000000.0,2.94,2.97,72880000000.0,,72880000000.0,,72880000000.0,,72880000000.0,72880000000.0,11146000000.0,84026000000.0,1034000000.0,1034000000.0,0.0,0.0,1539000000.0,247000000.0,1786000000.0,81453000000.0,16405000000.0,12914000000.0,3491000000.0,97858000000.0,32639000000.0,130497000000.0,130497000000.0,,,,,,,,,,,,,,,,,,,,,,,,
NVDA,2024-01-31,0.0,0.12,35583000000.0,0.0,0.0,29760000000.0,1508000000.0,16621000000.0,35583000000.0,34075000000.0,609000000.0,257000000.0,866000000.0,29760000000.0,29760000000.0,27950000000.0,,32972000000.0,24940000000.0,24690000000.0,1.19,1.21,29760000000.0,,29760000000.0,,29760000000.0,,29760000000.0,29760000000.0,4058000000.0,33818000000.0,237000000.0,237000000.0,0.0,0.0,609000000.0,257000000.0,866000000.0,32972000000.0,11329000000.0,8675000000.0,2654000000.0,44301000000.0,16621000000.0,60922000000.0,60922000000.0,,,,,,,,,,,,,,,,,,,,,,,,
NVDA,2023-01-31,-284130000.0,0.21,7339000000.0,-1353000000.0,-1353000000.0,4368000000.0,1543000000.0,11618000000.0,5986000000.0,4443000000.0,5000000.0,262000000.0,267000000.0,5436870000.0,4368000000.0,21397000000.0,,4224000000.0,25070000000.0,24870000000.0,0.174,0.176,4368000000.0,,4368000000.0,,4368000000.0,,4368000000.0,4368000000.0,-187000000.0,4181000000.0,-1401000000.0,-48000000.0,-1353000000.0,1353000000.0,5000000.0,262000000.0,267000000.0,5577000000.0,9779000000.0,7339000000.0,2440000000.0,15356000000.0,11618000000.0,26974000000.0,26974000000.0,,,,,,,,,,,,,,,,,,,,,,,,
NVDA,2022-01-31,0.0,0.019,11351000000.0,0.0,0.0,9752000000.0,1174000000.0,9439000000.0,11351000000.0,10177000000.0,-207000000.0,236000000.0,29000000.0,9752000000.0,9752000000.0,16873000000.0,,10041000000.0,25350000000.0,24960000000.0,0.385,0.391,9752000000.0,,9752000000.0,,9752000000.0,,9752000000.0,9752000000.0,189000000.0,9941000000.0,107000000.0,107000000.0,0.0,0.0,-207000000.0,236000000.0,29000000.0,10041000000.0,7434000000.0,5268000000.0,2166000000.0,17475000000.0,9439000000.0,26914000000.0,26914000000.0,,,,,,,,,,,,,,,,,,,,,,,,
AAPL,2025-09-30,0.0,0.156,144748000000.0,,,112010000000.0,11698000000.0,220960000000.0,144748000000.0,133050000000.0,,,,112010000000.0,112010000000.0,283111000000.0,,133050000000.0,15004697000.0,14948500000.0,7.46,7.49,112010000000.0,,112010000000.0,,112010000000.0,,112010000000.0,112010000000.0,20719000000.0,132729000000.0,-321000000.0,-321000000.0,,,,,,133050000000.0,62151000000.0,34550000000.0,27601000000.0,195201000000.0,220960000000.0,416161000000.0,416161000000.0,,,,,,,,,,,,,,,,,,,,,,,,
AAPL,2024-09-30,0.0,0.241,134661000000.0,,,93736000000.0,11445000000.0,210352000000.0,134661000000.0,123216000000.0,,,,93736000000.0,93736000000.0,267819000000.0,,123216000000.0,15408095000.0,15343783000.0,6.08,6.11,93736000000.0,,93736000000.0,,93736000000.0,,93736000000.0,93736000000.0,29749000000.0,123485000000.0,269000000.0,269000000.0,,,,,,123216000000.0,57467000000.0,31370000000.0,26097000000.0,180683000000.0,210352000000.0,391035000000.0,391035000000.0,,,,,,,,,,,,,,,,,,,,,,,,
AAPL,2023-09-30,0.0,0.147,125820000000.0,,,96995000000.0,11519000000.0,214137000000.0,125820000000.0,114301000000.0,-183000000.0,3933000000.0,3750000000.0,96995000000.0,96995000000.0,268984000000.0,,114301000000.0,15812547000.0,15744231000.0,6.13,6.16,96995000000.0,,96995000000.0,,96995000000.0,,96995000000.0,96995000000.0,16741000000.0,113736000000.0,-565000000.0,-565000000.0,,,-183000000.0,3933000000.0,3750000000.0,114301000000.0,54847000000.0,29915000000.0,24932000000.0,169148000000.0,214137000000.0,383285000000.0,383285000000.0,,,,,,,,,,,,,,,,,,,,,,,,
AAPL,2022-09-30,0.0,0.162,130541000000.0,,,99803000000.0,11104000000.0,223546000000.0,130541000000.0,119437000000.0,-106000000.0,2931000000.0,2825000000.0,99803000000.0,99803000000.0,274891000000.0,,119437000000.0,16325819000.0,16215963000.0,6.11,6.15,99803000000.0,,99803000000.0,,99803000000.0,,99803000000.0,99803000000.0,19300000000.0,119103000000.0,-334000000.0,-334000000.0,,,-106000000.0,2931000000.0,2825000000.0,119437000000.0,51345000000.0,26251000000.0,25094000000.0,170782000000.0,223546000000.0,394328000000.0,394328000000.0,,,,,,,,,,,,,,,,,,,,,,,,
AAPL,2021-09-30,,,,,,,,,,,198000000.0,2645000000.0,2843000000.0,,,,,,,,,,,,,,,,,,,,,,,,198000000.0,2645000000.0,2843000000.0,,,,,,,,,,,,,,,,,,,,,,,,,,,,,,,,
GOOG,2024-12-31,340136000.0,0.164,133320000000.0,2074000000.0,2074000000.0,100118000000.0,15311000000.0,146306000000.0,135394000000.0,120083000000.0,4214000000.0,268000000.0,4482000000.0,98384136000.0,100118000000.0,237628000000.0,,112390000000.0,12447000000.0,12319000000.0,8.04,8.13,100118000000.0,,100118000000.0,,100118000000.0,,100118000000.0,100118000000.0,19697000000.0,119815000000.0,3211000000.0,1137000000.0,-188000000.0,,4214000000.0,268000000.0,4482000000.0,112390000000.0,91322000000.0,49326000000.0,41996000000.0,203712000000.0,146306000000.0,350018000000.0,350018000000.0,,,,-188000000.0,2262000000.0,,,,,,14188000000.0,14188000000.0,,,188000000.0,27808000000.0,,,,,,,,
GOOG,2023-12-31,-373771000.0,0.139,100660000000.0,-2689000000.0,-2689000000.0,73795000000.0,11946000000.0,133332000000.0,97971000000.0,86025000000.0,3557000000.0,308000000.0,3865000000.0,76110229000.0,73795000000.0,223101000000.0,,84293000000.0,12722000000.0,12630000000.0,5.8,5.84,73795000000.0,,73795000000.0,,73795000000.0,,73795000000.0,73795000000.0,11922000000.0,85717000000.0,-2133000000.0,556000000.0,-628000000.0,,3557000000.0,308000000.0,3865000000.0,84293000000.0,89769000000.0,45427000000.0,44342000000.0,174062000000.0,133332000000.0,307394000000.0,307394000000.0,,,,-628000000.0,-2061000000.0,,,,,,16425000000.0,16425000000.0,,,628000000.0,27917000000.0,,,,,,,,
GOOG,2022-12-31,-1035090000.0,0.159,91670000000.0,-6510000000.0,-6510000000.0,59972000000.0,13475000000.0,126203000000.0,85160000000.0,71685000000.0,1817000000.0,357000000.0,2174000000.0,65446910000.0,59972000000.0,207994000000.0,,74842000000.0,13159000000.0,13063000000.0,4.56,4.59,59972000000.0,,59972000000.0,,59972000000.0,,59972000000.0,59972000000.0,11356000000.0,71328000000.0,-5331000000.0,1179000000.0,-337000000.0,,1817000000.0,357000000.0,2174000000.0,74842000000.0,81791000000.0,39500000000.0,42291000000.0,156633000000.0,126203000000.0,282836000000.0,282836000000.0,,,,-337000000.0,-6173000000.0,,,,,,15724000000.0,15724000000.0,,,337000000.0,26567000000.0,,,,,,,,
GOOG,2021-12-31,2002968000.0,0.162,91157000000.0,12364000000.0,12364000000.0,76033000000.0,12441000000.0,110939000000.0,103521000000.0,91080000000.0,1153000000.0,346000000.0,1499000000.0,65671968000.0,76033000000.0,178923000000.0,,78714000000.0,13553480000.0,13353000000.0,5.61,5.694,76033000000.0,,76033000000.0,,76033000000.0,,76033000000.0,76033000000.0,14701000000.0,90734000000.0,10867000000.0,-1497000000.0,334000000.0,,1153000000.0,346000000.0,1499000000.0,78714000000.0,67984000000.0,31562000000.0,36422000000.0,146698000000.0,110939000000.0,257637000000.0,257637000000.0,,,,334000000.0,12030000000.0,,,,,,13510000000.0,13510000000.0,,,-334000000.0,22912000000.0,,,,,,,,
GOOGL,2024-12-31,340136000.0,0.164,133320000000.0,2074000000.0,2074000000.0,100118000000.0,15311000000.0,146306000000.0,135394000000.0,120083000000.0,4214000000.0,268000000.0,4482000000.0,98384136000.0,100118000000.0,237628000000.0,,112390000000.0,12447000000.0,12319000000.0,8.04,8.13,100118000000.0,,100118000000.0,,100118000000.0,,100118000000.0,100118000000.0,19697000000.0,119815000000.0,3211000000.0,1137000000.0,-188000000.0,,4214000000.0,268000000.0,4482000000.0,112390000000.0,91322000000.0,49326000000.0,41996000000.0,203712000000.0,146306000000.0,350018000000.0,350018000000.0,,,,-188000000.0,2262000000.0,,,,,,14188000000.0,14188000000.0,,,188000000.0,27808000000.0,,,,,,,,
GOOGL,2023-12-31,-373771000.0,0.139,100660000000.0,-2689000000.0,-2689000000.0,73795000000.0,11946000000.0,133332000000.0,97971000000.0,86025000000.0,3557000000.0,308000000.0,3865000000.0,76110229000.0,73795000000.0,223101000000.0,,84293000000.0,12722000000.0,12630000000.0,5.8,5.84,73795000000.0,,73795000000.0,,73795000000.0,,73795000000.0,73795000000.0,11922000000.0,85717000000.0,-2133000000.0,556000000.0,-628000000.0,,3557000000.0,308000000.0,3865000000.0,84293000000.0,89769000000.0,45427000000.0,44342000000.0,174062000000.0,133332000000.0,307394000000.0,307394000000.0,,,,-628000000.0,-2061000000.0,,,,,,16425000000.0,16425000000.0,,,628000000.0,27917000000.0,,,,,,,,
GOOGL,2022-12-31,-1035090000.0,0.159,91670000000.0,-6510000000.0,-6510000000.0,59972000000.0,13475000000.0,126203000000.0,85160000000.0,71685000000.0,1817000000.0,357000000.0,2174000000.0,65446910000.0,59972000000.0,207994000000.0,,74842000000.0,13159000000.0,13063000000.0,4.56,4.59,59972000000.0,,59972000000.0,,59972000000.0,,59972000000.0,59972000000.0,11356000000.0,71328000000.0,-5331000000.0,1179000000.0,-337000000.0,,1817000000.0,357000000.0,2174000000.0,74842000000.0,81791000000.0,39500000000.0,42291000000.0,156633000000.0,126203000000.0,282836000000.0,282836000000.0,,,,-337000000.0,-6173000000.0,,,,,,15724000000.0,15724000000.0,,,337000000.0,26567000000.0,,,,,,,,
GOOGL,2021-12-31,2002968000.0,0.162,91157000000.0,12364000000.0,12364000000.0,76033000000.0,12441000000.0,110939000000.0,103521000000.0,91080000000.0,1153000000.0,346000000.0,1499000000.0,65671968000.0,76033000000.0,178923000000.0,,78714000000.0,13553480000.0,13353000000.0,5.61,5.694,76033000000.0,,76033000000.0,,76033000000.0,,76033000000.0,76033000000.0,14701000000.0,90734000000.0,10867000000.0,-1497000000.0,334000000.0,,1153000000.0,346000000.0,1499000000.0,78714000000.0,67984000000.0,31562000000.0,36422000000.0,146698000000.0,110939000000.0,257637000000.0,257637000000.0,,,,334000000.0,12030000000.0,,,,,,13510000000.0,13510000000.0,,,-334000000.0,22912000000.0,,,,,,,,
MSFT,2025-06-30,-77088000.0,0.176,160603000000.0,-438000000.0,-438000000.0,101832000000.0,34153000000.0,87831000000.0,160165000000.0,126012000000.0,262000000.0,2385000000.0,2647000000.0,102192912000.0,101832000000.0,153196000000.0,,128528000000.0,7465000000.0,7433000000.0,13.64,13.7,101832000000.0,,101832000000.0,,101832000000.0,,101832000000.0,101832000000.0,21795000000.0,123627000000.0,-5163000000.0,-4725000000.0,-943000000.0,,262000000.0,2385000000.0,2647000000.0,128528000000.0,65365000000.0,32488000000.0,32877000000.0,193893000000.0,87831000000.0,281724000000.0,281724000000.0,,,,,505000000.0,,,,,,7223000000.0,7223000000.0,,,943000000.0,25654000000.0,,,,,,,,
MSFT,2024-06-30,-99918000.0,0.182,133558000000.0,-549000000.0,-549000000.0,88136000000.0,22287000000.0,74114000000.0,133009000000.0,110722000000.0,222000000.0,2935000000.0,3157000000.0,88585082000.0,88136000000.0,135689000000.0,,109433000000.0,7469000000.0,7431000000.0,11.8,11.86,88136000000.0,,88136000000.0,,88136000000.0,,88136000000.0,88136000000.0,19651000000.0,107787000000.0,-1868000000.0,-1319000000.0,-206000000.0,,222000000.0,2935000000.0,3157000000.0,109433000000.0,61575000000.0,29510000000.0,32065000000.0,171008000000.0,74114000000.0,245122000000.0,245122000000.0,,,,,-343000000.0,,,,,,7609000000.0,7609000000.0,,,206000000.0,24456000000.0,,,,,,,,
MSFT,2023-06-30,-2850000.0,0.19,105155000000.0,-15000000.0,-15000000.0,72361000000.0,13861000000.0,65863000000.0,105140000000.0,91279000000.0,1026000000.0,1968000000.0,2994000000.0,72373150000.0,72361000000.0,123392000000.0,,88523000000.0,7472000000.0,7446000000.0,9.68,9.72,72361000000.0,,72361000000.0,,72361000000.0,,72361000000.0,72361000000.0,16950000000.0,89311000000.0,-238000000.0,-223000000.0,-30000000.0,,1026000000.0,1968000000.0,2994000000.0,88523000000.0,57529000000.0,27195000000.0,30334000000.0,146052000000.0,65863000000.0,211915000000.0,211915000000.0,,,,,15000000.0,,,,,,7575000000.0,7575000000.0,,,30000000.0,22759000000.0,,,,,,,,
MSFT,2022-06-30,43754000.0,0.131,99905000000.0,334000000.0,334000000.0,72738000000.0,14460000000.0,62650000000.0,100239000000.0,85779000000.0,31000000.0,2063000000.0,2094000000.0,72447754000.0,72738000000.0,114887000000.0,,83383000000.0,7540000000.0,7496000000.0,9.65,9.7,72738000000.0,,72738000000.0,,72738000000.0,,72738000000.0,72738000000.0,10978000000.0,83716000000.0,302000000.0,-32000000.0,-101000000.0,,31000000.0,2063000000.0,2094000000.0,83383000000.0,52237000000.0,24512000000.0,27725000000.0,135620000000.0,62650000000.0,198270000000.0,198270000000.0,,,,,435000000.0,,,,,,5900000000.0,5900000000.0,,,101000000.0,21825000000.0,,,,,,,,
META,2025-12-31,104348182.283666,0.296444,105361000000.0,352000000.0,352000000.0,60458000000.0,18616000000.0,36175000000.0,105713000000.0,87097000000.0,2304000000.0,1165000000.0,2123000000.0,60210348182.28367,60458000000.0,117690000000.0,,83276000000.0,,,,,60458000000.0,,60458000000.0,,60458000000.0,,60458000000.0,60458000000.0,25474000000.0,85932000000.0,352000000.0,,,,2304000000.0,1165000000.0,2123000000.0,83276000000.0,81515000000.0,57372000000.0,24143000000.0,164791000000.0,36175000000.0,200966000000.0,198382000000.0,,,,,352000000.0,,,,,,12152000000.0,12152000000.0,,,,11991000000.0,,,,-1346000000.0,,,,
META,2024-12-31,-81075952.054116,0.117501,87566000000.0,-690000000.0,-690000000.0,62360000000.0,15498000000.0,30161000000.0,86876000000.0,71378000000.0,1973000000.0,715000000.0,2517000000.0,62968924047.945885,62360000000.0,95121000000.0,,69380000000.0,2614000000.0,2534000000.0,23.86,24.61,62360000000.0,,62360000000.0,,62360000000.0,,62360000000.0,62360000000.0,8303000000.0,70663000000.0,-690000000.0,,,,1973000000.0,715000000.0,2517000000.0,69380000000.0,64960000000.0,43873000000.0,21087000000.0,134340000000.0,30161000000.0,164501000000.0,162779000000.0,,,,,-690000000.0,,,,,,9740000000.0,9740000000.0,,,,11347000000.0,,,,-171000000.0,,,,
META,2023-12-31,-64416000.0,0.176,59418000000.0,-366000000.0,-366000000.0,39098000000.0,11178000000.0,25959000000.0,59052000000.0,47874000000.0,1043000000.0,446000000.0,1639000000.0,39399584000.0,39098000000.0,88151000000.0,,46751000000.0,2629000000.0,2574000000.0,14.87,15.19,39098000000.0,,39098000000.0,,39098000000.0,,39098000000.0,39098000000.0,8330000000.0,47428000000.0,-366000000.0,,,,1043000000.0,446000000.0,1639000000.0,46751000000.0,62192000000.0,38483000000.0,23709000000.0,108943000000.0,25959000000.0,134902000000.0,133844000000.0,,,,,-366000000.0,,,,,,11408000000.0,11408000000.0,,,,12301000000.0,,,,150000000.0,,,,
META,2022-12-31,-15795000.0,0.195,37771000000.0,-81000000.0,-81000000.0,23200000000.0,8686000000.0,25249000000.0,37690000000.0,29004000000.0,-44000000.0,185000000.0,461000000.0,23265205000.0,23200000000.0,87665000000.0,,28944000000.0,2702000000.0,2687000000.0,8.59,8.63,23200000000.0,,23200000000.0,,23200000000.0,,23200000000.0,23200000000.0,5619000000.0,28819000000.0,-81000000.0,-320000000.0,,,-44000000.0,185000000.0,461000000.0,28944000000.0,62416000000.0,35338000000.0,27078000000.0,91360000000.0,25249000000.0,116609000000.0,115801000000.0,,,,,-81000000.0,,,,,,11816000000.0,11816000000.0,,,,15262000000.0,,,,320000000.0,,,,
META,2021-12-31,,,,,,,,,,,,,,,,,,,2859000000.0,2815000000.0,13.77,13.99,,,,,,,,,,,,210000000.0,0.0,,,,,,,,,,,,,,,,,,,,,,,,,,,,,,,,,,,,
AVGO,2025-10-31,-127680000.0,0.21,35322000000.0,-608000000.0,-608000000.0,23126000000.0,8775000000.0,13849000000.0,34714000000.0,25939000000.0,-2863000000.0,3210000000.0,347000000.0,23606320000.0,23126000000.0,37812000000.0,,25484000000.0,4853000000.0,4712000000.0,4.77,4.91,23126000000.0,,23126000000.0,,23126000000.0,,23126000000.0,23126000000.0,-397000000.0,22729000000.0,-483000000.0,125000000.0,-591000000.0,591000000.0,-2863000000.0,3210000000.0,347000000.0,26075000000.0,17219000000.0,10977000000.0,4211000000.0,43294000000.0,20593000000.0,63887000000.0,63887000000.0,,,,,-17000000.0,,2031000000.0,2031000000.0,2031000000.0,2031000000.0,,,,,,,,,0.0,,,,,
AVGO,2024-10-31,-584010000.0,0.378,25424000000.0,-1545000000.0,-1545000000.0,6168000000.0,10010000000.0,12299000000.0,23879000000.0,13869000000.0,-3492000000.0,3953000000.0,461000000.0,7128990000.0,5895000000.0,36578000000.0,,13463000000.0,4778000000.0,4624000000.0,1.23,1.27,5895000000.0,,5895000000.0,,5895000000.0,,5895000000.0,6168000000.0,3748000000.0,9916000000.0,-1588000000.0,-43000000.0,-1533000000.0,1533000000.0,-3492000000.0,3953000000.0,461000000.0,14996000000.0,17513000000.0,9310000000.0,4959000000.0,32509000000.0,19065000000.0,51574000000.0,51574000000.0,,,,,-12000000.0,,3244000000.0,3244000000.0,3244000000.0,3244000000.0,,,,,,,,,-273000000.0,,,,,
AVGO,2023-10-31,-15611000.0,0.067,20787000000.0,-233000000.0,-233000000.0,14082000000.0,3835000000.0,8688000000.0,20554000000.0,16719000000.0,-1087000000.0,1622000000.0,535000000.0,14299389000.0,14082000000.0,19368000000.0,,16207000000.0,4270000000.0,4150000000.0,3.298,3.393,14082000000.0,,14082000000.0,,14082000000.0,,14082000000.0,14082000000.0,1015000000.0,15097000000.0,-267000000.0,-34000000.0,-244000000.0,244000000.0,-1087000000.0,1622000000.0,535000000.0,16451000000.0,8239000000.0,5253000000.0,1592000000.0,24690000000.0,11129000000.0,35819000000.0,35819000000.0,,,,,11000000.0,,1394000000.0,1394000000.0,1394000000.0,1394000000.0,,,,,,,,,0.0,,,,,
AVGO,2022-10-31,-16950000.0,0.075,19381000000.0,-226000000.0,-226000000.0,11495000000.0,4984000000.0,7636000000.0,19155000000.0,14171000000.0,-1637000000.0,1737000000.0,100000000.0,11704050000.0,11495000000.0,18921000000.0,,14225000000.0,4230000000.0,4090000000.0,2.653,2.744,11223000000.0,,11223000000.0,,11495000000.0,,11495000000.0,11495000000.0,939000000.0,12434000000.0,-211000000.0,15000000.0,-57000000.0,57000000.0,-1637000000.0,1737000000.0,100000000.0,14282000000.0,7813000000.0,4919000000.0,1382000000.0,22095000000.0,11108000000.0,33203000000.0,33203000000.0,,,,,-169000000.0,,1512000000.0,1512000000.0,1512000000.0,1512000000.0,,,,,,,,272000000.0,0.0,,,,,
AVGO,2021-10-31,,,,,,,,,,,,,,,,,,,,,,,,,,,,,,,,,,,,,,,,,,,,,,,,,,,,,,,,,,,,,,,,,299000000.0,,,,,,
TSM,2024-12-31,197845319.246856,0.176632,2078011900000.0,1120100000.0,1120100000.0,1158380200000.0,662796600000.0,1269954100000.0,2079132000000.0,1416335400000.0,76718000000.0,10495400000.0,87213400000.0,1157457945319.2468,1158380200000.0,1572304600000.0,,1322053000000.0,5185929000.0,5185511200.0,226.25,226.25,1158380200000.0,,1158380200000.0,,1158380200000.0,856300000.0,1157523900000.0,1157523900000.0,248316100000.0,1405840000000.0,7118900000.0,1118100000.0,7100000.0,,76718000000.0,10495400000.0,87213400000.0,1322003100000.0,302350500000.0,204181800000.0,96888600000.0,1624353600000.0,1269954100000.0,2894307700000.0,2894307700000.0,,7100000.0,,4880700000.0,1113000000.0,1280100000.0,,,,,83745000000.0,83745000000.0,,,,13143600000.0,,,,-76718000000.0,,,,
TSM,2023-12-31,442708766.369197,0.130998,1520127300000.0,3379500000.0,3379500000.0,851740000000.0,532190900000.0,986625200000.0,1523506800000.0,991315900000.0,48294500000.0,11999400000.0,60293900000.0,848803208766.3691,851740000000.0,1240305900000.0,,921465600000.0,5185853400.0,5185844600.0,161.7,161.7,851740000000.0,,851740000000.0,,851740000000.0,712300000.0,851027700000.0,851027700000.0,128288800000.0,979316500000.0,9592100000.0,1412400000.0,15700000.0,,48294500000.0,11999400000.0,60293900000.0,921429900000.0,253680700000.0,182370200000.0,71463500000.0,1175110600000.0,986625200000.0,2161735800000.0,2161735800000.0,,15700000.0,,4800200000.0,3363800000.0,-153000000.0,,,,,60872800000.0,60872800000.0,,,9500000.0,10590700000.0,,,,-48294000000.0,,,,
TSM,2022-12-31,457733710.337512,0.13179,1589603300000.0,3473200000.0,3473200000.0,992923400000.0,437254300000.0,915536500000.0,1593076500000.0,1155822200000.0,10672200000.0,11750000000.0,22422200000.0,989907933710.3375,992923400000.0,1142664800000.0,,1121278900000.0,5185838000.0,5185838000.0,196.0,196.0,992923400000.0,,992923400000.0,,992923400000.0,-371300000.0,993294700000.0,993294700000.0,150777500000.0,1144072200000.0,12173500000.0,1020500000.0,0.0,,10672200000.0,11750000000.0,22422200000.0,1121226500000.0,227128300000.0,163262200000.0,63445300000.0,1348354800000.0,915536500000.0,2263891300000.0,2263891300000.0,,0.0,,7679800000.0,3473200000.0,420800000.0,,,,,53524800000.0,53524800000.0,,,900000.0,9920500000.0,,,,,,,,
TSM,2021-12-31,611821333.110118,0.105809,1085062800000.0,5782300000.0,5782300000.0,592359200000.0,422394900000.0,767877700000.0,1090845100000.0,668450200000.0,294600000.0,5414200000.0,5708800000.0,587188721333.1101,592359200000.0,937431400000.0,,649980900000.0,5186076000.0,5186076000.0,115.05,115.05,592359200000.0,,592359200000.0,,592359200000.0,-521400000.0,592880600000.0,592880600000.0,70155400000.0,663036000000.0,12757800000.0,1462800000.0,0.0,,294600000.0,5414200000.0,5708800000.0,649983600000.0,169553700000.0,124734800000.0,44488200000.0,819537300000.0,767877700000.0,1587415000000.0,1587415000000.0,,0.0,,5512700000.0,5782300000.0,330700000.0,,,,,36929600000.0,36929600000.0,,,1300000.0,7558600000.0,,,,-294000000.0,,,,
WMT,2025-01-31,0.0,0.234,42010000000.0,,,19436000000.0,12973000000.0,511753000000.0,42010000000.0,29037000000.0,-2245000000.0,2728000000.0,483000000.0,19436000000.0,19436000000.0,651637000000.0,,29348000000.0,8081000000.0,8041000000.0,2.41,2.42,19436000000.0,,19436000000.0,,19436000000.0,-721000000.0,20157000000.0,20157000000.0,6152000000.0,26309000000.0,-794000000.0,-794000000.0,,,-2245000000.0,2728000000.0,483000000.0,29348000000.0,139884000000.0,,139884000000.0,169232000000.0,511753000000.0,680985000000.0,680985000000.0,,,,,,139884000000.0,,,,,,,,,,,,,,,,,,
WMT,2024-01-31,0.0,0.255,36384000000.0,0.0,0.0,15511000000.0,11853000000.0,490142000000.0,36384000000.0,24531000000.0,-2137000000.0,2683000000.0,546000000.0,15511000000.0,15511000000.0,621113000000.0,,27012000000.0,8109000000.0,8076000000.0,1.913333,1.92,15511000000.0,,15511000000.0,,15511000000.0,-759000000.0,16270000000.0,16270000000.0,5578000000.0,21848000000.0,-3027000000.0,-3027000000.0,0.0,,-2137000000.0,2683000000.0,546000000.0,27012000000.0,130971000000.0,,130971000000.0,157983000000.0,490142000000.0,648125000000.0,648125000000.0,,,,,,130971000000.0,,,,,,,,,,,,,,,,,,
WMT,2023-01-31,0.0,0.336,30089000000.0,0.0,0.0,11680000000.0,10945000000.0,463721000000.0,30089000000.0,19144000000.0,-1874000000.0,2128000000.0,254000000.0,11680000000.0,11680000000.0,590861000000.0,,20428000000.0,8202000000.0,8172000000.0,1.423333,1.43,11680000000.0,,11680000000.0,,11680000000.0,388000000.0,11292000000.0,11292000000.0,5724000000.0,17016000000.0,-1538000000.0,-1538000000.0,0.0,,-1874000000.0,2128000000.0,254000000.0,20428000000.0,127140000000.0,,127140000000.0,147568000000.0,463721000000.0,611289000000.0,611289000000.0,,,,,,127140000000.0,,,,,,,,,,,,,,,,,,
WMT,2022-01-31,-612140000.0,0.254,33758000000.0,-2410000000.0,-2410000000.0,13673000000.0,10658000000.0,429000000000.0,31348000000.0,20690000000.0,-1836000000.0,1994000000.0,158000000.0,15470860000.0,13673000000.0,546812000000.0,,25942000000.0,8415000000.0,8376000000.0,1.623333,1.633333,13673000000.0,,13673000000.0,,13673000000.0,-267000000.0,13940000000.0,13940000000.0,4756000000.0,18696000000.0,-5410000000.0,-3000000000.0,-2410000000.0,,-1836000000.0,1994000000.0,158000000.0,25942000000.0,117812000000.0,,117812000000.0,143754000000.0,429000000000.0,572754000000.0,572754000000.0,,,,,,117812000000.0,,,,,,,,2410000000.0,,,,,,,,,,
LLY,2024-12-31,-691432500.0,0.165,19418100000.0,-4190500000.0,-4190500000.0,10590000000.0,1766600000.0,8418300000.0,15227600000.0,13461000000.0,-605400000.0,780600000.0,175200000.0,14089067500.0,10590000000.0,28002700000.0,,,904059000.0,897538000.0,11.71,11.798943,10590000000.0,,10590000000.0,,10590000000.0,,10590000000.0,10590000000.0,2090400000.0,12680400000.0,-3754200000.0,436300000.0,-4141000000.0,3280400000.0,-605400000.0,780600000.0,175200000.0,17040000000.0,19584400000.0,10990600000.0,8593800000.0,36624400000.0,8418300000.0,45042700000.0,45042700000.0,,,,,-49500000.0,,,,,,8593800000.0,8593800000.0,-461700000.0,435000000.0,425600000.0,,,,,,,,,
LLY,2023-12-31,-781427700.0,0.201,12455500000.0,-3887700000.0,-3887700000.0,5240400000.0,1527300000.0,7082200000.0,8567800000.0,7040500000.0,-312300000.0,485900000.0,173600000.0,8346672300.0,5240400000.0,23798700000.0,,,903284000.0,899379000.0,5.8,5.826687,5240400000.0,,5240400000.0,,5240400000.0,,5240400000.0,5240400000.0,1314200000.0,6554600000.0,-3458500000.0,429200000.0,-3867500000.0,3799800000.0,-312300000.0,485900000.0,173600000.0,10325400000.0,16716500000.0,9313400000.0,7403100000.0,27041900000.0,7082200000.0,34124100000.0,34124100000.0,,,,,-20200000.0,,,,,,7403100000.0,7403100000.0,-461900000.0,3799800000.0,67700000.0,,,,,,,,,
LLY,2022-12-31,-129795400.0,0.083,10224300000.0,-1563800000.0,-1563800000.0,6244800000.0,1522500000.0,6629800000.0,8660500000.0,7138000000.0,-268800000.0,331600000.0,62800000.0,7678804600.0,6244800000.0,20261000000.0,,,950182000.0,950182000.0,6.572215,6.572215,6244800000.0,,6244800000.0,,6244800000.0,,6244800000.0,6244800000.0,561600000.0,6806400000.0,-1205200000.0,358600000.0,-1153100000.0,908500000.0,-268800000.0,331600000.0,62800000.0,8280400000.0,13631200000.0,7190800000.0,6440400000.0,21911600000.0,6629800000.0,28541400000.0,28541400000.0,,,,,-410700000.0,,,,,,6440400000.0,6440400000.0,-372900000.0,908500000.0,244600000.0,,,,,,,,,
LLY,2021-12-31,-140848500.0,0.093,9557400000.0,-1514500000.0,-1514500000.0,5581700000.0,1547600000.0,7312800000.0,8042900000.0,6495300000.0,-314400000.0,339800000.0,25400000.0,6955351500.0,5581700000.0,20675100000.0,,,953653000.0,953653000.0,5.852967,5.852967,5581700000.0,,5581700000.0,,5581700000.0,,5581700000.0,5581700000.0,573800000.0,6155500000.0,-1173400000.0,341100000.0,-1691400000.0,983100000.0,-314400000.0,339800000.0,25400000.0,7643300000.0,13362300000.0,6930700000.0,6431600000.0,21005600000.0,7312800000.0,28318400000.0,28318400000.0,,0.0,236100000.0,,176900000.0,,,,,,6431600000.0,6431600000.0,-289700000.0,405200000.0,67000000.0,,,,0.0,,,,,
JPM,2025-12-31,,,,,,,,,,,,,,,,,,,2781500000.0,2776500000.0,20.02,20.05,,,,,,,,,,,,,,,,,,,,,,,,,,,,,,,,,,,,,,,,,,,,,,,,,
JPM,2024-12-31,1293071000.0,0.221,,5851000000.0,5851000000.0,58471000000.0,7938000000.0,,,,92583000000.0,101350000000.0,193933000000.0,53913071000.0,58471000000.0,,,,2879000000.0,2873900000.0,19.75,19.79,56868000000.0,,56868000000.0,344000000.0,58471000000.0,,58471000000.0,58471000000.0,16610000000.0,75081000000.0,,,5851000000.0,674000000.0,,,,,,,56331000000.0,,,169439000000.0,169439000000.0,,,,,-1045000000.0,,,,,,51357000000.0,,51357000000.0,-6525000000.0,,4974000000.0,,1259000000.0,,,14857000000.0,11057000000.0,7310000000.0,
JPM,2023-12-31,-447272000.0,0.196,,-2282000000.0,-2282000000.0,49552000000.0,7512000000.0,,,,89267000000.0,81321000000.0,170588000000.0,51386728000.0,49552000000.0,,,,2943100000.0,2938600000.0,16.23,16.25,47760000000.0,,47760000000.0,291000000.0,49552000000.0,,49552000000.0,49552000000.0,12060000000.0,61612000000.0,,,-2282000000.0,-2054000000.0,,,,,,,51056000000.0,,,154952000000.0,154952000000.0,,,,,-3218000000.0,,,,,,46465000000.0,,46465000000.0,4336000000.0,,4591000000.0,,1501000000.0,,,13836000000.0,10235000000.0,6649000000.0,
JPM,2022-12-31,119232000.0,0.184,,648000000.0,648000000.0,37676000000.0,7051000000.0,,,,66710000000.0,26097000000.0,92807000000.0,37147232000.0,37676000000.0,,,,2970000000.0,2965800000.0,12.09,12.1,35892000000.0,,35892000000.0,189000000.0,37676000000.0,,37676000000.0,37676000000.0,8490000000.0,46166000000.0,,,648000000.0,0.0,,,,,,,45547000000.0,,,127727000000.0,127727000000.0,,,,,-2434000000.0,,,,,,41636000000.0,,41636000000.0,-648000000.0,,3911000000.0,,1595000000.0,,,14054000000.0,10174000000.0,6099000000.0,
JPM,2021-12-31,-80514000.0,0.189,,-426000000.0,-426000000.0,48334000000.0,7932000000.0,,,,52311000000.0,5553000000.0,57864000000.0,48679486000.0,48334000000.0,,,,,,,,46503000000.0,,46503000000.0,231000000.0,48334000000.0,,48334000000.0,48334000000.0,11228000000.0,59562000000.0,,,-426000000.0,0.0,,,,,,,41603000000.0,,,121685000000.0,121685000000.0,,,,,-309000000.0,,,,,,38567000000.0,,38567000000.0,426000000.0,,3036000000.0,,1600000000.0,,,14457000000.0,9814000000.0,5043000000.0,
V,2025-09-30,-303096966.189964,0.170951,27776000000.0,-1773000000.0,-1773000000.0,20058000000.0,1220000000.0,7855000000.0,26003000000.0,24783000000.0,-589000000.0,589000000.0,,21527903033.810036,20058000000.0,13444000000.0,,23994000000.0,2196000000.0,1944000000.0,10.2,10.22,19853000000.0,,19853000000.0,205000000.0,20058000000.0,,20058000000.0,20058000000.0,4136000000.0,24194000000.0,-1773000000.0,,-2562000000.0,,-589000000.0,589000000.0,,26556000000.0,5589000000.0,,4369000000.0,32145000000.0,7855000000.0,40000000000.0,51698000000.0,,,,,789000000.0,,1220000000.0,1220000000.0,,,2685000000.0,2685000000.0,,2562000000.0,,1684000000.0,,,,,,,,
V,2024-09-30,87242849.974912,0.174486,25091000000.0,500000000.0,500000000.0,19743000000.0,1034000000.0,7042000000.0,25591000000.0,24557000000.0,-641000000.0,641000000.0,,19330242849.97491,19743000000.0,11869000000.0,,23595000000.0,2405000000.0,1997000000.0,9.73,9.74,19457000000.0,,19457000000.0,286000000.0,19743000000.0,,19743000000.0,19743000000.0,4173000000.0,23916000000.0,500000000.0,,-462000000.0,,-641000000.0,641000000.0,,24057000000.0,4827000000.0,,3793000000.0,28884000000.0,7042000000.0,35926000000.0,46493000000.0,,,,,962000000.0,,1034000000.0,1034000000.0,,,2233000000.0,2233000000.0,,462000000.0,,1560000000.0,,,,,,,,
V,2023-09-30,-44034000.0,0.179,22870000000.0,-246000000.0,-246000000.0,17273000000.0,943000000.0,6567000000.0,22624000000.0,21681000000.0,-644000000.0,644000000.0,,17474966000.0,17273000000.0,10726000000.0,,21000000000.0,2507000000.0,2040000000.0,8.28,8.29,16989000000.0,,16989000000.0,284000000.0,17273000000.0,,17273000000.0,17273000000.0,3764000000.0,21037000000.0,-246000000.0,,-927000000.0,,-644000000.0,644000000.0,,21927000000.0,4159000000.0,,3216000000.0,26086000000.0,6567000000.0,32653000000.0,42471000000.0,,,,,681000000.0,,943000000.0,943000000.0,,,1875000000.0,1875000000.0,,927000000.0,,1341000000.0,,,,,,,,
V,2022-09-30,-176225000.0,0.175,20542000000.0,-1007000000.0,-1007000000.0,14957000000.0,861000000.0,5733000000.0,19535000000.0,18674000000.0,-538000000.0,538000000.0,,15787775000.0,14957000000.0,9629000000.0,,18813000000.0,2558000000.0,2073000000.0,7.0,7.01,14630000000.0,,14630000000.0,327000000.0,14957000000.0,,14957000000.0,14957000000.0,3179000000.0,18136000000.0,-1007000000.0,,-868000000.0,,-538000000.0,538000000.0,,19681000000.0,3896000000.0,,3035000000.0,23577000000.0,5733000000.0,29310000000.0,37614000000.0,,,,,-139000000.0,,861000000.0,861000000.0,,,1699000000.0,1699000000.0,,868000000.0,,1336000000.0,,,,,,,,
MA,2024-12-31,-69732000.0,0.156,17244000000.0,-447000000.0,-447000000.0,12874000000.0,897000000.0,6673000000.0,16797000000.0,15900000000.0,-646000000.0,646000000.0,,13251268000.0,12874000000.0,11840000000.0,,15582000000.0,927000000.0,925000000.0,13.89,13.91,12874000000.0,,12874000000.0,,12874000000.0,,12874000000.0,12874000000.0,2380000000.0,15254000000.0,-427000000.0,20000000.0,-680000000.0,,-646000000.0,646000000.0,,16327000000.0,5167000000.0,,4270000000.0,21494000000.0,6673000000.0,28167000000.0,28167000000.0,,,,,233000000.0,,897000000.0,897000000.0,,,3455000000.0,3455000000.0,,680000000.0,,815000000.0,,,,,,,,
MA,2023-12-31,-73211000.0,0.179,15422000000.0,-409000000.0,-409000000.0,11195000000.0,799000000.0,6022000000.0,15013000000.0,14214000000.0,-575000000.0,575000000.0,,11530789000.0,11195000000.0,10468000000.0,,14008000000.0,946000000.0,944000000.0,11.83,11.86,11195000000.0,,11195000000.0,,11195000000.0,,11195000000.0,11195000000.0,2444000000.0,13639000000.0,-416000000.0,-7000000.0,-539000000.0,,-575000000.0,575000000.0,,14630000000.0,4446000000.0,,3647000000.0,19076000000.0,6022000000.0,25098000000.0,25098000000.0,,,,,130000000.0,,799000000.0,799000000.0,,,2822000000.0,2822000000.0,,539000000.0,,825000000.0,,,,,,,,
MA,2022-12-31,-83468000.0,0.154,13495000000.0,-542000000.0,-542000000.0,9930000000.0,750000000.0,5263000000.0,12953000000.0,12203000000.0,-471000000.0,471000000.0,,10388532000.0,9930000000.0,9515000000.0,,12264000000.0,971000000.0,968000000.0,10.22,10.26,9930000000.0,,9930000000.0,,9930000000.0,,9930000000.0,9930000000.0,1802000000.0,11732000000.0,-519000000.0,23000000.0,-356000000.0,,-471000000.0,471000000.0,,12722000000.0,4252000000.0,,3502000000.0,16974000000.0,5263000000.0,22237000000.0,22237000000.0,,,,,-186000000.0,,750000000.0,750000000.0,,,2713000000.0,2713000000.0,,356000000.0,,789000000.0,,,,,,,,
MA,2021-12-31,80227000.0,0.157,10953000000.0,511000000.0,511000000.0,8687000000.0,726000000.0,4489000000.0,11464000000.0,10738000000.0,-431000000.0,431000000.0,,8256227000.0,8687000000.0,8657000000.0,,10082000000.0,992000000.0,988000000.0,8.76,8.79,8687000000.0,,8687000000.0,,8687000000.0,,8687000000.0,8687000000.0,1620000000.0,10307000000.0,511000000.0,,-94000000.0,,-431000000.0,431000000.0,,10227000000.0,4168000000.0,,3442000000.0,14395000000.0,4489000000.0,18884000000.0,18884000000.0,,,,,605000000.0,,726000000.0,726000000.0,,,2547000000.0,2547000000.0,,94000000.0,,895000000.0,,,,,,,,
MU,2025-08-31,-19720000.0,0.116,18653000000.0,-170000000.0,-170000000.0,8539000000.0,8352000000.0,22505000000.0,18483000000.0,10131000000.0,19000000.0,477000000.0,496000000.0,8689280000.0,8539000000.0,27569000000.0,,9770000000.0,1125000000.0,1116000000.0,7.59,7.65,8539000000.0,,8539000000.0,,8539000000.0,,8539000000.0,8539000000.0,1124000000.0,9654000000.0,-174000000.0,-4000000.0,-98000000.0,30000000.0,19000000.0,477000000.0,496000000.0,9809000000.0,5064000000.0,3798000000.0,1205000000.0,14873000000.0,22505000000.0,37378000000.0,37378000000.0,,,0.0,,-72000000.0,61000000.0,,,,,,,,59000000.0,9000000.0,,9000000.0,,,,,,,
MU,2024-08-31,-5460000.0,0.364,9597000000.0,-15000000.0,-15000000.0,778000000.0,7780000000.0,19498000000.0,9582000000.0,1802000000.0,-33000000.0,562000000.0,529000000.0,787540000.0,778000000.0,23806000000.0,,1304000000.0,1118000000.0,1105000000.0,0.7,0.7,778000000.0,,778000000.0,,778000000.0,,778000000.0,778000000.0,451000000.0,1240000000.0,-32000000.0,-17000000.0,-2000000.0,1000000.0,-33000000.0,562000000.0,529000000.0,1305000000.0,4308000000.0,3430000000.0,1129000000.0,5613000000.0,19498000000.0,25111000000.0,25111000000.0,59000000.0,,0.0,,,-251000000.0,,,,,,,,,0.0,,-11000000.0,,,,,,,
MU,2023-08-31,-69300000.0,0.21,2816000000.0,-330000000.0,-330000000.0,-5833000000.0,7756000000.0,16956000000.0,2486000000.0,-5270000000.0,80000000.0,388000000.0,468000000.0,-5572300000.0,-5833000000.0,20945000000.0,,-5745000000.0,1093000000.0,1093000000.0,-5.34,-5.34,-5833000000.0,,-5833000000.0,,-5833000000.0,,-5833000000.0,-5833000000.0,177000000.0,-5658000000.0,-333000000.0,-3000000.0,-340000000.0,157000000.0,80000000.0,388000000.0,468000000.0,-5405000000.0,3989000000.0,3114000000.0,920000000.0,-1416000000.0,16956000000.0,15540000000.0,15540000000.0,54000000.0,,101000000.0,,10000000.0,-45000000.0,,,,,,,,68000000.0,14000000.0,,2000000.0,,,,,,,
MU,2022-08-31,-5952000.0,0.093,16940000000.0,-64000000.0,-64000000.0,8687000000.0,7116000000.0,16860000000.0,16876000000.0,9760000000.0,-93000000.0,189000000.0,96000000.0,8745048000.0,8687000000.0,21049000000.0,,9702000000.0,1122000000.0,1112000000.0,7.75,7.81,8687000000.0,0.0,8687000000.0,,8687000000.0,0.0,8687000000.0,8687000000.0,888000000.0,9571000000.0,-45000000.0,19000000.0,-90000000.0,-15000000.0,-93000000.0,189000000.0,96000000.0,9709000000.0,4189000000.0,3116000000.0,1066000000.0,13898000000.0,16860000000.0,30758000000.0,30758000000.0,41000000.0,,0.0,,26000000.0,7000000.0,,,,,,,,83000000.0,63000000.0,,4000000.0,,,,,,,
MU,2021-08-31,,,,,,,,,,,,,,,,,,,,,,,,0.0,,,,0.0,,,,,,,,,,,,,,,,,,,,24000000.0,,,,82000000.0,,,,,,,,,1000000.0,,,,,,,,,,
ORCL,2025-05-31,-96679000.0,0.121,24711000000.0,-799000000.0,-799000000.0,12443000000.0,6174000000.0,13060000000.0,23912000000.0,17738000000.0,-3000000000.0,3578000000.0,578000000.0,13145321000.0,12443000000.0,39347000000.0,,17678000000.0,2866000000.0,2789000000.0,4.34,4.46,12443000000.0,,12443000000.0,,12443000000.0,,12443000000.0,12443000000.0,1717000000.0,14160000000.0,-892000000.0,91000000.0,-374000000.0,374000000.0,-3000000000.0,3578000000.0,578000000.0,18052000000.0,22420000000.0,9860000000.0,10253000000.0,40472000000.0,16927000000.0,57399000000.0,57399000000.0,,,,-184000000.0,-425000000.0,,2307000000.0,2307000000.0,2307000000.0,2307000000.0,1602000000.0,1602000000.0,,,,8651000000.0,,,,,,,,
ORCL,2024-05-31,-136141000.0,0.109,22643000000.0,-1249000000.0,-1249000000.0,10467000000.0,6139000000.0,12014000000.0,21394000000.0,15255000000.0,-3063000000.0,3514000000.0,451000000.0,11579859000.0,10467000000.0,36890000000.0,,15353000000.0,2823000000.0,2744000000.0,3.71,3.82,10467000000.0,,10467000000.0,,10467000000.0,,10467000000.0,10467000000.0,1274000000.0,11741000000.0,-1267000000.0,168000000.0,-718000000.0,718000000.0,-3063000000.0,3514000000.0,451000000.0,16071000000.0,21747000000.0,8915000000.0,9822000000.0,37818000000.0,15143000000.0,52961000000.0,52961000000.0,,,,-186000000.0,-531000000.0,,3010000000.0,3010000000.0,3010000000.0,3010000000.0,1548000000.0,1548000000.0,,,,8274000000.0,,,,,,,,
ORCL,2023-05-31,-85408000.0,0.068,19995000000.0,-1256000000.0,-1256000000.0,8503000000.0,6108000000.0,11038000000.0,18739000000.0,12631000000.0,-3220000000.0,3505000000.0,285000000.0,9673592000.0,8503000000.0,36181000000.0,,13093000000.0,2766000000.0,2696000000.0,3.07,3.15,8503000000.0,,8503000000.0,,8503000000.0,,8503000000.0,8503000000.0,623000000.0,9126000000.0,-1427000000.0,-6000000.0,-680000000.0,680000000.0,-3220000000.0,3505000000.0,285000000.0,13773000000.0,22617000000.0,8623000000.0,10412000000.0,36390000000.0,13564000000.0,49954000000.0,49954000000.0,,,,-165000000.0,-576000000.0,103000000.0,3582000000.0,3582000000.0,3582000000.0,3582000000.0,1579000000.0,1579000000.0,,,,8833000000.0,,,,,,,,
ORCL,2022-05-31,-640500000.0,0.122,18776000000.0,-5250000000.0,-5250000000.0,6717000000.0,3122000000.0,6905000000.0,13526000000.0,10404000000.0,-2661000000.0,2755000000.0,94000000.0,11326500000.0,6717000000.0,26610000000.0,,10926000000.0,2786000000.0,2700000000.0,2.41,2.49,6717000000.0,,6717000000.0,,6717000000.0,,6717000000.0,6717000000.0,932000000.0,7649000000.0,-5520000000.0,-86000000.0,-4904000000.0,4904000000.0,-2661000000.0,2755000000.0,94000000.0,15830000000.0,17733000000.0,7219000000.0,9364000000.0,33563000000.0,8877000000.0,42440000000.0,42440000000.0,,,,-184000000.0,-346000000.0,4694000000.0,1150000000.0,1150000000.0,1150000000.0,1150000000.0,1317000000.0,1317000000.0,,,,8047000000.0,,,,,,,,
ORCL,2021-05-31,,,,,,,,,,,,,,,,,,,,,,,,,,,,,,,,,,,,,,,,,,,,,,,,,,,,,129000000.0,,,,,,,136000000.0,,,,,,,,,,,
COST,2025-08-31,21084000.0,0.251,13314000000.0,84000000.0,84000000.0,8099000000.0,2426000000.0,239886000000.0,13398000000.0,10972000000.0,351000000.0,154000000.0,505000000.0,8036084000.0,8099000000.0,264852000000.0,,10383000000.0,444803000.0,443985000.0,18.21,18.24,8099000000.0,,8099000000.0,,8099000000.0,,8099000000.0,8099000000.0,2719000000.0,10818000000.0,84000000.0,,,,351000000.0,154000000.0,505000000.0,10383000000.0,24966000000.0,,24966000000.0,35349000000.0,239886000000.0,275235000000.0,275235000000.0,,,,,84000000.0,,,,,,,,,,,,,,,,,,,
COST,2024-08-31,6344000.0,0.244,12120000000.0,26000000.0,26000000.0,7367000000.0,2237000000.0,222358000000.0,12146000000.0,9909000000.0,429000000.0,169000000.0,533000000.0,7347344000.0,7367000000.0,245168000000.0,,9285000000.0,444759000.0,443914000.0,16.56,16.59,7367000000.0,,7367000000.0,,7367000000.0,0.0,7367000000.0,7367000000.0,2373000000.0,9740000000.0,26000000.0,,,,429000000.0,169000000.0,533000000.0,9285000000.0,22810000000.0,,22810000000.0,32095000000.0,222358000000.0,254453000000.0,254453000000.0,,,,,26000000.0,,,,,,,,,,,,,,,-65000000.0,,,,
COST,2023-08-31,7511000.0,0.259,10695000000.0,29000000.0,29000000.0,6292000000.0,2077000000.0,212586000000.0,10724000000.0,8647000000.0,344000000.0,160000000.0,470000000.0,6270511000.0,6292000000.0,234176000000.0,,8114000000.0,444452000.0,443854000.0,14.16,14.18,6292000000.0,,6292000000.0,,6292000000.0,0.0,6292000000.0,6292000000.0,2195000000.0,8487000000.0,29000000.0,,,,344000000.0,160000000.0,470000000.0,8114000000.0,21590000000.0,,21590000000.0,29704000000.0,212586000000.0,242290000000.0,242290000000.0,,,,,29000000.0,,,,,,,,,,,,,,,-34000000.0,,,,
COST,2022-08-31,26076000.0,0.246,9792000000.0,106000000.0,106000000.0,5844000000.0,1900000000.0,199382000000.0,9898000000.0,7998000000.0,-59000000.0,158000000.0,61000000.0,5764076000.0,5844000000.0,219161000000.0,,7793000000.0,444757000.0,443651000.0,13.14,13.17,5844000000.0,,5844000000.0,,5844000000.0,-71000000.0,5915000000.0,5915000000.0,1925000000.0,7840000000.0,106000000.0,38000000.0,,,-59000000.0,158000000.0,61000000.0,7793000000.0,19779000000.0,,19779000000.0,27572000000.0,199382000000.0,226954000000.0,226954000000.0,,,,,106000000.0,,,,,,,,,,,,,,,-38000000.0,,,,
COST,2021-08-31,,,,,,,,,,,,,,,,,,,,,,,,,,,,-72000000.0,,,,,,46000000.0,,,,,,,,,,,,,,,,,,,76000000.0,,,,,,,,,,,,,,-46000000.0,,,,
ABBV,2024-12-31,-583380000.0,0.21,17688000000.0,-2778000000.0,-2778000000.0,4278000000.0,8386000000.0,16904000000.0,14910000000.0,6524000000.0,-2160000000.0,2808000000.0,648000000.0,6472620000.0,4278000000.0,44440000000.0,,9137000000.0,1773000000.0,1765256986.0,2.39,2.423443,4238000000.0,,4238000000.0,40000000.0,4278000000.0,-8000000.0,4286000000.0,4286000000.0,-570000000.0,3716000000.0,-6018000000.0,-3240000000.0,-2757000000.0,,-2160000000.0,2808000000.0,648000000.0,11894000000.0,27536000000.0,12791000000.0,14752000000.0,39430000000.0,16904000000.0,56334000000.0,56334000000.0,,,,,-21000000.0,-7000000.0,,,,,,,,2757000000.0,,,,,,,,,,
ABBV,2023-12-31,-203280000.0,0.22,18096000000.0,-924000000.0,-924000000.0,4863000000.0,8698000000.0,20415000000.0,17172000000.0,8474000000.0,-1684000000.0,2224000000.0,540000000.0,5583720000.0,4863000000.0,40783000000.0,,12757000000.0,1773000000.0,1765940733.0,2.72,2.753773,4820000000.0,,4820000000.0,43000000.0,4863000000.0,-10000000.0,4873000000.0,4873000000.0,1377000000.0,6250000000.0,-5601000000.0,-4677000000.0,-778000000.0,,-1684000000.0,2224000000.0,540000000.0,13535000000.0,20368000000.0,7675000000.0,12872000000.0,33903000000.0,20415000000.0,54318000000.0,54318000000.0,,,,,-146000000.0,-179000000.0,,,,,,,,778000000.0,,,,,,,,,,
ABBV,2022-12-31,-102245000.0,0.121,25019000000.0,-845000000.0,-845000000.0,11836000000.0,8467000000.0,17414000000.0,24174000000.0,15707000000.0,-2044000000.0,2230000000.0,186000000.0,12578755000.0,11836000000.0,39240000000.0,,18117000000.0,1778000000.0,1769181294.0,6.63,6.6901,11782000000.0,,11782000000.0,54000000.0,11836000000.0,-9000000.0,11845000000.0,11845000000.0,1632000000.0,13477000000.0,-3293000000.0,-2448000000.0,-697000000.0,,-2044000000.0,2230000000.0,186000000.0,18814000000.0,21826000000.0,6510000000.0,15260000000.0,40640000000.0,17414000000.0,58054000000.0,58054000000.0,,,,,-148000000.0,56000000.0,,,,,,,,697000000.0,,,,,,,,,,
ABBV,2021-12-31,-5661000.0,0.111,23984000000.0,-51000000.0,-51000000.0,11542000000.0,8521000000.0,17446000000.0,23933000000.0,15412000000.0,-2384000000.0,2423000000.0,39000000.0,11587339000.0,11542000000.0,38273000000.0,,17924000000.0,1777000000.0,1768337696.0,6.45,6.527034,11468000000.0,,11468000000.0,74000000.0,11542000000.0,-7000000.0,11549000000.0,11549000000.0,1440000000.0,12989000000.0,-2551000000.0,-2500000000.0,-1124000000.0,,-2384000000.0,2423000000.0,39000000.0,17924000000.0,20827000000.0,8046000000.0,12349000000.0,38751000000.0,17446000000.0,56197000000.0,56197000000.0,,,,,-51000000.0,432000000.0,,,,,,,,1124000000.0,,,,,,,,,,
AMD,2024-12-31,-35340000.0,0.19,5444000000.0,-186000000.0,-186000000.0,1641000000.0,3177000000.0,11331000000.0,5258000000.0,2081000000.0,90000000.0,92000000.0,182000000.0,1791660000.0,1641000000.0,23699000000.0,,1900000000.0,1637000000.0,1620000000.0,1.0,1.01,1641000000.0,,1641000000.0,,1641000000.0,,1641000000.0,1641000000.0,381000000.0,1989000000.0,-187000000.0,-3000000.0,-186000000.0,186000000.0,90000000.0,92000000.0,182000000.0,2086000000.0,10639000000.0,6456000000.0,2783000000.0,12725000000.0,13060000000.0,25785000000.0,25785000000.0,,,,2000000.0,,-48000000.0,1448000000.0,1448000000.0,1448000000.0,1448000000.0,,,,,,,33000000.0,,,,,,,
AMD,2023-12-31,0.0,0.21,4149000000.0,0.0,0.0,854000000.0,3551000000.0,10538000000.0,4149000000.0,598000000.0,100000000.0,106000000.0,206000000.0,854000000.0,854000000.0,22279000000.0,,401000000.0,1625000000.0,1614000000.0,0.53,0.53,854000000.0,,854000000.0,,854000000.0,,854000000.0,854000000.0,-346000000.0,492000000.0,-9000000.0,-8000000.0,0.0,0.0,100000000.0,106000000.0,206000000.0,401000000.0,10059000000.0,5872000000.0,2352000000.0,10460000000.0,12220000000.0,22680000000.0,22680000000.0,,,,-1000000.0,,-34000000.0,1869000000.0,1869000000.0,1869000000.0,1869000000.0,,,,,,,16000000.0,,,,,,,
AMD,2022-12-31,0.0,0.21,5534000000.0,0.0,0.0,1320000000.0,4262000000.0,10836000000.0,5534000000.0,1272000000.0,-23000000.0,88000000.0,65000000.0,1320000000.0,1320000000.0,22337000000.0,,1264000000.0,1571000000.0,1561000000.0,0.84,0.85,1320000000.0,0.0,1320000000.0,,1320000000.0,,1320000000.0,1320000000.0,-122000000.0,1184000000.0,-57000000.0,5000000.0,0.0,0.0,-23000000.0,88000000.0,65000000.0,1264000000.0,9339000000.0,5005000000.0,2336000000.0,10603000000.0,12998000000.0,23601000000.0,23601000000.0,,,,-62000000.0,,-102000000.0,2100000000.0,2100000000.0,2100000000.0,2100000000.0,,,,,,,14000000.0,,,,,,,
AMD,2021-12-31,-978740.801308,0.13982,4173000000.0,-7000000.0,-7000000.0,3162000000.0,463000000.0,8042000000.0,4166000000.0,3703000000.0,-26000000.0,34000000.0,8000000.0,3168021259.198692,3162000000.0,12786000000.0,,3648000000.0,1229000000.0,1213000000.0,2.57,2.61,3162000000.0,0.0,3162000000.0,,3162000000.0,,3162000000.0,3162000000.0,513000000.0,3669000000.0,47000000.0,-2000000.0,-7000000.0,,-26000000.0,34000000.0,8000000.0,3648000000.0,4281000000.0,2845000000.0,1448000000.0,7929000000.0,8505000000.0,16434000000.0,16434000000.0,,,,56000000.0,,-12000000.0,0.0,0.0,0.0,0.0,,,,7000000.0,,,6000000.0,,,,,,,
BAC,2025-12-31,,,,,,,,,,,,,,,,,,,7680900000.0,7521900000.0,3.81,3.86,,,,,,,,,,,,,,,,,,,,,,,,,,,,,,,,,,,,,,,,,,,,,,,,,
BAC,2024-12-31,0.0,0.073,,,,27132000000.0,2189000000.0,,,,56060000000.0,90547000000.0,146607000000.0,27132000000.0,27132000000.0,,,,7935800000.0,7855500000.0,3.21,3.25,25503000000.0,,25503000000.0,,27132000000.0,,27132000000.0,27132000000.0,2122000000.0,29254000000.0,,,,,,,,,,,49623000000.0,,,101887000000.0,101887000000.0,,,,,0.0,,,,,,44173000000.0,3991000000.0,40182000000.0,,,5450000000.0,,1629000000.0,,,7289000000.0,2669000000.0,7231000000.0,
BAC,2023-12-31,-134400000.0,0.064,,-2100000000.0,-2100000000.0,26515000000.0,2057000000.0,,,,56931000000.0,73331000000.0,130262000000.0,28480600000.0,26515000000.0,,,,8080500000.0,8028600000.0,3.08,3.1,24866000000.0,,24866000000.0,,26515000000.0,,26515000000.0,26515000000.0,1827000000.0,28342000000.0,,,-2100000000.0,,,,,,,,47715000000.0,,,98581000000.0,98581000000.0,,,,,0.0,,,,,,42180000000.0,3850000000.0,38330000000.0,2100000000.0,,5535000000.0,,1649000000.0,,,7164000000.0,2159000000.0,6707000000.0,
BAC,2022-12-31,0.0,0.111,,,,27528000000.0,1978000000.0,,,,52462000000.0,20103000000.0,72565000000.0,27528000000.0,27528000000.0,,,,8167500000.0,8113700000.0,3.19,3.21,26015000000.0,,26015000000.0,1513000000.0,27528000000.0,,27528000000.0,27528000000.0,3441000000.0,30969000000.0,,,,,,,,,,,45946000000.0,,,94950000000.0,94950000000.0,,,,,0.0,,,,,,40468000000.0,4021000000.0,36447000000.0,,,5478000000.0,,1513000000.0,,,7071000000.0,2142000000.0,6279000000.0,
BAC,2021-12-31,0.0,0.058806,,,,31978000000.0,1898000000.0,,,,42934000000.0,4738000000.0,47672000000.0,31978000000.0,31978000000.0,,,,,,,,30557000000.0,,30557000000.0,1421000000.0,31978000000.0,,31978000000.0,31978000000.0,1998000000.0,33976000000.0,,,,,,,,,,,45049000000.0,,,89113000000.0,89113000000.0,,,,,0.0,,,,,,39229000000.0,3089000000.0,36140000000.0,,,5820000000.0,,1421000000.0,,,7138000000.0,1775000000.0,5769000000.0,
PG,2025-06-30,0.0,0.203,23921000000.0,0.0,0.0,15974000000.0,2847000000.0,41164000000.0,23921000000.0,21074000000.0,-438000000.0,907000000.0,469000000.0,15974000000.0,15974000000.0,63833000000.0,,20451000000.0,2454400000.0,2394902549.0,6.51,6.67,15974000000.0,291000000.0,15682000000.0,,15974000000.0,-91000000.0,16065000000.0,16065000000.0,4102000000.0,20167000000.0,154000000.0,154000000.0,0.0,,-438000000.0,907000000.0,469000000.0,20451000000.0,22669000000.0,,22669000000.0,43120000000.0,41164000000.0,84284000000.0,84284000000.0,,,0.0,,,,,,,,,,,,,,,291000000.0,,,,,,
PG,2024-06-30,-270882000.0,0.202,23923000000.0,-1341000000.0,-1341000000.0,14879000000.0,2896000000.0,40848000000.0,22582000000.0,19686000000.0,-452000000.0,925000000.0,473000000.0,15949118000.0,14879000000.0,64153000000.0,,18545000000.0,2471900000.0,2407605178.0,6.02,6.18,14879000000.0,284000000.0,14595000000.0,,14879000000.0,-95000000.0,14974000000.0,14974000000.0,3787000000.0,18761000000.0,-673000000.0,668000000.0,-1341000000.0,,-452000000.0,925000000.0,473000000.0,19886000000.0,23305000000.0,,23305000000.0,43191000000.0,40848000000.0,84039000000.0,84039000000.0,,,1341000000.0,,,,,,,,,,,,,,,284000000.0,,,,,,
PG,2023-06-30,0.0,0.017,21823000000.0,0.0,0.0,14653000000.0,2714000000.0,42760000000.0,21823000000.0,19109000000.0,-449000000.0,756000000.0,307000000.0,14653000000.0,14653000000.0,63872000000.0,,18134000000.0,2483900000.0,2414003295.0,5.9,6.07,14653000000.0,282000000.0,14371000000.0,,14653000000.0,-85000000.0,14738000000.0,14738000000.0,3615000000.0,18353000000.0,668000000.0,668000000.0,0.0,,-449000000.0,756000000.0,307000000.0,18134000000.0,21112000000.0,,21112000000.0,39246000000.0,42760000000.0,82006000000.0,82006000000.0,,,0.0,,,,,,,,,,,,,,,282000000.0,,,,,,
PG,2022-06-30,0.0,0.178,21241000000.0,0.0,0.0,14742000000.0,2807000000.0,42157000000.0,21241000000.0,18434000000.0,-388000000.0,439000000.0,51000000.0,14742000000.0,14742000000.0,62374000000.0,,17813000000.0,2539100000.0,2457000000.0,5.81,6.0,14742000000.0,281000000.0,14461000000.0,,14742000000.0,-51000000.0,14793000000.0,14793000000.0,3202000000.0,17995000000.0,570000000.0,570000000.0,0.0,,-388000000.0,439000000.0,51000000.0,17813000000.0,20217000000.0,,20217000000.0,38030000000.0,42157000000.0,80187000000.0,80187000000.0,,,0.0,,,,,,,,,,,,,,,281000000.0,,,,,,
CVX,2025-12-31,,,,,,,,,,,,,,,,,,,1855637000.0,1849217000.0,6.63,6.65,,,,,,,,,,,,,,,,,,,,,,,,,,,,,,,,,,,,,,,,,,,,,,,,,
CVX,2024-12-31,0.0,0.355,44725000000.0,,,17661000000.0,16625000000.0,136488000000.0,44725000000.0,28100000000.0,-594000000.0,594000000.0,,17661000000.0,17661000000.0,174497000000.0,,,1816602000.0,1809583000.0,9.72,9.76,17661000000.0,,17661000000.0,,17661000000.0,-88000000.0,17749000000.0,17749000000.0,9757000000.0,27506000000.0,9183000000.0,4587000000.0,,,-594000000.0,594000000.0,,18917000000.0,38009000000.0,,4834000000.0,56926000000.0,136488000000.0,193414000000.0,193414000000.0,,,,4596000000.0,,28459000000.0,,,,,,,,,,,,,,,,,,4716000000.0
CVX,2023-12-31,0.0,0.276,45042000000.0,,,21369000000.0,14989000000.0,136522000000.0,45042000000.0,30053000000.0,-469000000.0,469000000.0,,21369000000.0,21369000000.0,170684000000.0,,,1880307000.0,1872737000.0,11.36,11.41,21369000000.0,,21369000000.0,,21369000000.0,-42000000.0,21411000000.0,21411000000.0,8173000000.0,29584000000.0,3824000000.0,-1307000000.0,,,-469000000.0,469000000.0,,26229000000.0,34162000000.0,,4141000000.0,60391000000.0,136522000000.0,196913000000.0,196913000000.0,,,,5131000000.0,,25801000000.0,,,,,,,,,,,,,,,,,,4220000000.0
CVX,2022-12-31,0.0,0.283,65485000000.0,,,35465000000.0,15295000000.0,161735000000.0,65485000000.0,50190000000.0,-516000000.0,516000000.0,,35465000000.0,35465000000.0,195767000000.0,,,1940277000.0,1931486000.0,18.28,18.36,35465000000.0,,35465000000.0,,35465000000.0,-143000000.0,35608000000.0,35608000000.0,14066000000.0,49674000000.0,10240000000.0,1655000000.0,,,-516000000.0,516000000.0,,39950000000.0,34032000000.0,,4312000000.0,73982000000.0,161735000000.0,235717000000.0,235717000000.0,,,,8585000000.0,,25688000000.0,,,,,,,,,,,,,,,,,,4032000000.0
CVX,2021-12-31,0.0,0.275,39364000000.0,,,15625000000.0,17013000000.0,110174000000.0,39364000000.0,22351000000.0,-712000000.0,712000000.0,,15625000000.0,15625000000.0,139426000000.0,,,,,,,15625000000.0,,15625000000.0,,15625000000.0,-64000000.0,15689000000.0,15689000000.0,5950000000.0,21639000000.0,6171000000.0,514000000.0,,,-712000000.0,712000000.0,,16180000000.0,29252000000.0,,4014000000.0,45432000000.0,110174000000.0,155606000000.0,155606000000.0,,,,5657000000.0,,21275000000.0,,,,,,,,,,,,,,,,,,3963000000.0
NFLX,2025-12-31,0.0,0.137,30254617000.0,,,10981201000.0,16755555000.0,23275329000.0,30254617000.0,13499062000.0,-604051000.0,776510000.0,172459000.0,10981201000.0,10981201000.0,31856433000.0,,13326603000.0,4343863000.0,4249512000.0,2.53,2.58,10981201000.0,,10981201000.0,,10981201000.0,,10981201000.0,10981201000.0,1741351000.0,12722552000.0,,,,,-604051000.0,776510000.0,172459000.0,13326603000.0,8581104000.0,3391390000.0,5189714000.0,21907707000.0,23275329000.0,45183036000.0,45183036000.0,,,,,,,,,,,1888408000.0,1888408000.0,,,,3301306000.0,,,,,,,,
NFLX,2024-12-31,0.0,0.13,26314821000.0,,,8711631000.0,15630431000.0,21038464000.0,26314821000.0,10684390000.0,-451957000.0,718733000.0,266776000.0,8711631000.0,8711631000.0,28583352000.0,,10417614000.0,4392610000.0,4295190000.0,1.983,2.028,8711631000.0,,8711631000.0,,8711631000.0,,8711631000.0,8711631000.0,1254026000.0,9965657000.0,,,,,-451957000.0,718733000.0,266776000.0,10417614000.0,7544888000.0,2925295000.0,4619593000.0,17962502000.0,21038464000.0,39000966000.0,39000966000.0,,,,,,,,,,,1702039000.0,1702039000.0,,,,2917554000.0,,,,,,,,
NFLX,2023-12-31,0.0,0.13,21508387000.0,,,5407990000.0,14554384000.0,19715368000.0,21508387000.0,6954003000.0,-748598000.0,748598000.0,,5407990000.0,5407990000.0,26769294000.0,,6954003000.0,4494980000.0,4415710000.0,1.203,1.225,5407990000.0,,5407990000.0,,5407990000.0,,5407990000.0,5407990000.0,797415000.0,6205405000.0,,,,,-748598000.0,748598000.0,,6954003000.0,7053926000.0,2675758000.0,4378168000.0,14007929000.0,19715368000.0,33723297000.0,33723297000.0,,,,,,,,,,,1720285000.0,1720285000.0,,,,2657883000.0,,,,,,,,
NFLX,2022-12-31,0.0,0.15,20332955000.0,,,4491924000.0,14362814000.0,19168285000.0,20332955000.0,5970141000.0,-368902000.0,706212000.0,337310000.0,4491924000.0,4491924000.0,25982719000.0,,5632831000.0,4512900000.0,4446980000.0,0.995,1.01,4491924000.0,,4491924000.0,,4491924000.0,,4491924000.0,4491924000.0,772005000.0,5263929000.0,,,,,-368902000.0,706212000.0,337310000.0,5632831000.0,6814434000.0,2711041000.0,4103393000.0,12447265000.0,19168285000.0,31615550000.0,31615550000.0,,,,,,,,,,,1572891000.0,1572891000.0,,,,2530502000.0,,,,,,,,
NFLX,2021-12-31,,,,,,,,,,,,,411214000.0,,,,,,,,,,,,,,,,,,,,,,,,,,411214000.0,,,,,,,,,,,,,,,,,,,,,,,,,,,,,,,,
